<?xml version="1.0" encoding="UTF-8"?>
<project-private xmlns="http://www.netbeans.org/ns/project-private/1">
    <editor-bookmarks xmlns="http://www.netbeans.org/ns/editor-bookmarks/2" lastBookmarkId="0"/>
    <open-files xmlns="http://www.netbeans.org/ns/projectui-open-files/2">
        <group>
            <file>file:/C:/Users/tfird/OneDrive/Desktop/SEM4/Project%20Development/Assignment/sportSystem/web/booking.jsp</file>
            <file>file:/C:/Users/tfird/OneDrive/Desktop/SEM4/Project%20Development/Assignment/sportSystem/src/java/FeedbackDAO.java</file>
            <file>file:/C:/Users/tfird/OneDrive/Desktop/SEM4/Project%20Development/Assignment/sportSystem/web/addFacility.jsp</file>
            <file>file:/C:/Users/tfird/OneDrive/Desktop/SEM4/Project%20Development/Assignment/sportSystem/web/displayFeedback.jsp</file>
            <file>file:/C:/Users/tfird/OneDrive/Desktop/SEM4/Project%20Development/Assignment/sportSystem/src/java/com/Model/book.java</file>
            <file>file:/C:/Users/tfird/OneDrive/Desktop/SEM4/Project%20Development/Assignment/sportSystem/web/slot.jsp</file>
            <file>file:/C:/Users/tfird/OneDrive/Desktop/SEM4/Project%20Development/Assignment/sportSystem/src/java/com/WEB/BookSlotServlet.java</file>
            <file>file:/C:/Users/tfird/OneDrive/Desktop/SEM4/Project%20Development/Assignment/sportSystem/web/DashboardStaff.jsp</file>
            <file>file:/C:/Users/tfird/OneDrive/Desktop/SEM4/Project%20Development/Assignment/sportSystem/web/login.jsp</file>
            <file>file:/C:/Users/tfird/OneDrive/Desktop/SEM4/Project%20Development/Assignment/sportSystem/web/AdminFeedback.jsp</file>
            <file>file:/C:/Users/tfird/OneDrive/Desktop/SEM4/Project%20Development/Assignment/sportSystem/web/feedback.jsp</file>
            <file>file:/C:/Users/tfird/OneDrive/Desktop/SEM4/Project%20Development/Assignment/sportSystem/src/java/loginServlet.java</file>
            <file>file:/C:/Users/tfird/OneDrive/Desktop/SEM4/Project%20Development/Assignment/sportSystem/web/newPassword.jsp</file>
            <file>file:/C:/Users/tfird/OneDrive/Desktop/SEM4/Project%20Development/Assignment/sportSystem/src/java/com/Dao/SlotDao.java</file>
            <file>file:/C:/Users/tfird/OneDrive/Desktop/SEM4/Project%20Development/Assignment/sportSystem/src/java/SaveFeedback.java</file>
            <file>file:/C:/Users/tfird/OneDrive/Desktop/SEM4/Project%20Development/Assignment/sportSystem/web/DashboardStudent.jsp</file>
            <file>file:/C:/Users/tfird/OneDrive/Desktop/SEM4/Project%20Development/Assignment/sportSystem/src/java/com/Model/facility.java</file>
            <file>file:/C:/Users/tfird/OneDrive/Desktop/SEM4/Project%20Development/Assignment/sportSystem/web/processRegister.jsp</file>
            <file>file:/C:/Users/tfird/OneDrive/Desktop/SEM4/Project%20Development/Assignment/sportSystem/src/java/com/WEB/manageFacilityServlet.java</file>
            <file>file:/C:/Users/tfird/OneDrive/Desktop/SEM4/Project%20Development/Assignment/sportSystem/web/facilityList.jsp</file>
            <file>file:/C:/Users/tfird/OneDrive/Desktop/SEM4/Project%20Development/Assignment/sportSystem/src/java/com/WEB/facilityDAO.java</file>
            <file>file:/C:/Users/tfird/OneDrive/Desktop/SEM4/Project%20Development/Assignment/sportSystem/src/java/ControllerLogin.java</file>
            <file>file:/C:/Users/tfird/OneDrive/Desktop/SEM4/Project%20Development/Assignment/sportSystem/src/java/com/Model/slot.java</file>
            <file>file:/C:/Users/tfird/OneDrive/Desktop/SEM4/Project%20Development/Assignment/sportSystem/src/java/com/WEB/addServlet.java</file>
            <file>file:/C:/Users/tfird/OneDrive/Desktop/SEM4/Project%20Development/Assignment/sportSystem/web/bkpage.jsp</file>
        </group>
    </open-files>
</project-private>
